{
    "LogisticRegression": {
        "accuracy": 0.766002299731698,
        "recall": 0.17946645109135004,
        "auc": 0.741308097050318,
        "classification_report": {
            "0": {
                "precision": 0.7881002087682673,
                "recall": 0.9482542074855564,
                "f1-score": 0.8607912438718505,
                "support": 3981.0
            },
            "1": {
                "precision": 0.5186915887850467,
                "recall": 0.17946645109135004,
                "f1-score": 0.26666666666666666,
                "support": 1237.0
            },
            "accuracy": 0.766002299731698,
            "macro avg": {
                "precision": 0.653395898776657,
                "recall": 0.5638603292884532,
                "f1-score": 0.5637289552692586,
                "support": 5218.0
            },
            "weighted avg": {
                "precision": 0.7242331212022949,
                "recall": 0.766002299731698,
                "f1-score": 0.7199456896359723,
                "support": 5218.0
            }
        }
    },
    "RandomForest": {
        "accuracy": 0.8645074741280184,
        "recall": 0.5594179466451091,
        "auc": 0.8946023319742099,
        "classification_report": {
            "0": {
                "precision": 0.8751145737855178,
                "recall": 0.9593067068575735,
                "f1-score": 0.9152786099460755,
                "support": 3981.0
            },
            "1": {
                "precision": 0.810304449648712,
                "recall": 0.5594179466451091,
                "f1-score": 0.6618842659014825,
                "support": 1237.0
            },
            "accuracy": 0.8645074741280184,
            "macro avg": {
                "precision": 0.8427095117171148,
                "recall": 0.7593623267513413,
                "f1-score": 0.788581437923779,
                "support": 5218.0
            },
            "weighted avg": {
                "precision": 0.8597504259209666,
                "recall": 0.8645074741280184,
                "f1-score": 0.8552079308385321,
                "support": 5218.0
            }
        }
    },
    "XGBoost": {
        "accuracy": 0.8453430433116137,
        "recall": 0.5481002425222312,
        "auc": 0.8761561840732159,
        "classification_report": {
            "0": {
                "precision": 0.8697576887232059,
                "recall": 0.937704094448631,
                "f1-score": 0.9024537652604859,
                "support": 3981.0
            },
            "1": {
                "precision": 0.7321814254859611,
                "recall": 0.5481002425222312,
                "f1-score": 0.6269070735090153,
                "support": 1237.0
            },
            "accuracy": 0.8453430433116137,
            "macro avg": {
                "precision": 0.8009695571045835,
                "recall": 0.7429021684854311,
                "f1-score": 0.7646804193847506,
                "support": 5218.0
            },
            "weighted avg": {
                "precision": 0.8371433081895776,
                "recall": 0.8453430433116137,
                "f1-score": 0.8371315617923815,
                "support": 5218.0
            }
        }
    }
}